note,0,1555,0x000613
note,1,1647,0x00066f
note,2,1745,0x0006d1
note,3,1849,0x000739
note,4,1959,0x0007a7
note,5,2075,0x00081b
note,6,2198,0x000896
note,7,2329,0x000919
note,8,2468,0x0009a4
note,9,2615,0x000a37
note,10,2770,0x000ad2
note,11,2935,0x000b77
note,12,3110,0x000c26
note,13,3295,0x000cdf
note,14,3491,0x000da3
note,15,3698,0x000e72
note,16,3918,0x000f4e
note,17,4151,0x001037
note,18,4397,0x00112d
note,19,4658,0x001232
note,20,4936,0x001348
note,21,5230,0x00146e
note,22,5541,0x0015a5
note,23,5871,0x0016ef
note,24,6220,0x00184c
note,25,6590,0x0019be
note,26,6982,0x001b46
note,27,7396,0x001ce4
note,28,7836,0x001e9c
note,29,8302,0x00206e
note,30,8794,0x00225a
note,31,9317,0x002465
note,32,9873,0x002691
note,33,10460,0x0028dc
note,34,11082,0x002b4a
note,35,11742,0x002dde
note,36,12441,0x003099
note,37,13181,0x00337d
note,38,13965,0x00368d
note,39,14792,0x0039c8
note,40,15672,0x003d38
note,41,16604,0x0040dc
note,42,17589,0x0044b5
note,43,18635,0x0048cb
note,44,19747,0x004d23
note,45,20921,0x0051b9
note,46,22164,0x005694
note,47,23485,0x005bbd
note,48,24883,0x006133
note,49,26362,0x0066fa
note,50,27930,0x006d1a
note,51,29585,0x007391
note,52,31345,0x007a71
note,53,33209,0x0081b9
note,54,35179,0x00896b
note,55,37270,0x009196
note,56,39494,0x009a46
note,57,41842,0x00a372
note,58,44329,0x00ad29
note,59,46970,0x00b77a
note,60,49767,0x00c267
note,61,52725,0x00cdf5
note,62,55860,0x00da34
note,63,59171,0x00e723
note,64,62691,0x00f4e3
note,65,66418,0x010372
note,66,70358,0x0112d6
note,67,74541,0x01232d
note,68,78988,0x01348c
note,69,83684,0x0146e4
note,70,88659,0x015a53
note,71,93941,0x016ef5
note,72,99534,0x0184ce
note,73,105450,0x019bea
note,74,111720,0x01b468
note,75,118342,0x01ce46
note,76,125382,0x01e9c6
note,77,132836,0x0206e4
note,78,140716,0x0225ac
note,79,149082,0x02465a
note,80,157976,0x026918
note,81,167368,0x028dc8
note,82,177318,0x02b4a6
note,83,187882,0x02ddea
note,84,199068,0x03099c
note,85,210900,0x0337d4
note,86,223440,0x0368d0
note,87,236684,0x039c8c
note,88,250764,0x03d38c
note,89,265672,0x040dc8
note,90,281432,0x044b58
note,91,298164,0x048cb4
note,92,315952,0x04d230
note,93,334736,0x051b90
note,94,354636,0x05694c
note,95,375764,0x05bbd4
note,96,398136,0x061338
note,97,421800,0x066fa8
note,98,446880,0x06d1a0
note,99,473368,0x073918
note,100,501528,0x07a718
note,101,531344,0x081b90
note,102,562864,0x0896b0
note,103,596328,0x091968
note,104,631904,0x09a460
note,105,669472,0x0a3720
note,106,709272,0x0ad298
note,107,751528,0x0b77a8
note,108,796272,0x0c2670
note,109,843600,0x0cdf50
note,110,893760,0x0da340
note,111,946736,0x0e7230
note,112,1003056,0x0f4e30
note,113,1062688,0x103720
note,114,1125728,0x112d60
note,115,1192656,0x1232d0
note,116,1263808,0x1348c0
note,117,1338944,0x146e40
note,118
note,119
note,120
note,121
note,122
note,123
note,124
note,125
note,126
note,127
