Osc1 Control1,0,1,0x1,0x0,0x1,0x41100,0x371901,0x43F 
Osc1 Control1,1
Osc1 Control1,2,2,0x2,0x0,0x2,0x41100,0x371902,0x43F 
Osc1 Control1,3
Osc1 Control1,4,3,0x3,0x0,0x3,0x41100,0x371903,0x43F 
Osc1 Control1,5
Osc1 Control1,6,4,0x4,0x0,0x4,0x41100,0x371904,0x43F 
Osc1 Control1,7
Osc1 Control1,8,5,0x5,0x0,0x5,0x41100,0x371905,0x43F 
Osc1 Control1,9
Osc1 Control1,10,6,0x6,0x0,0x6,0x41100,0x371906,0x43F 
Osc1 Control1,11
Osc1 Control1,12,7,0x7,0x0,0x7,0x41100,0x371907,0x43F 
Osc1 Control1,13
Osc1 Control1,14,8,0x8,0x0,0x8,0x41100,0x371908,0x43F 
Osc1 Control1,15
Osc1 Control1,16,9,0x9,0x0,0x9,0x41100,0x371909,0x43F 
Osc1 Control1,17
Osc1 Control1,18,10,0xA,0x0,0xA,0x41100,0x37190A,0x43F 
Osc1 Control1,19
Osc1 Control1,20,11,0xB,0x0,0xB,0x41100,0x37190B,0x43F 
Osc1 Control1,21
Osc1 Control1,22,12,0xC,0x0,0xC,0x41100,0x37190C,0x43F 
Osc1 Control1,23
Osc1 Control1,24,13,0xD,0x0,0xD,0x41100,0x37190D,0x43F 
Osc1 Control1,25
Osc1 Control1,26,14,0xE,0x0,0xE,0x41100,0x37190E,0x43F 
Osc1 Control1,27
Osc1 Control1,28,15,0xF,0x0,0xF,0x41100,0x37190F,0x43F 
Osc1 Control1,29
Osc1 Control1,30,16,0x10,0x0,0x10,0x41100,0x371910,0x43F 
Osc1 Control1,31
Osc1 Control1,32,17,0x11,0x0,0x11,0x41100,0x371911,0x43F 
Osc1 Control1,33
Osc1 Control1,34,18,0x12,0x0,0x12,0x41100,0x371912,0x43F 
Osc1 Control1,35
Osc1 Control1,36,19,0x13,0x0,0x13,0x41100,0x371913,0x43F 
Osc1 Control1,37
Osc1 Control1,38,20,0x14,0x0,0x14,0x41100,0x371914,0x43F 
Osc1 Control1,39
Osc1 Control1,40,21,0x15,0x0,0x15,0x41100,0x371915,0x43F 
Osc1 Control1,41
Osc1 Control1,42,22,0x16,0x0,0x16,0x41100,0x371916,0x43F 
Osc1 Control1,43
Osc1 Control1,44,23,0x17,0x0,0x17,0x41100,0x371917,0x43F 
Osc1 Control1,45
Osc1 Control1,46,24,0x18,0x0,0x18,0x41100,0x371918,0x43F 
Osc1 Control1,47
Osc1 Control1,48,25,0x19,0x0,0x19,0x41100,0x371919,0x43F 
Osc1 Control1,49
Osc1 Control1,50,26,0x1A,0x0,0x1A,0x41100,0x37191A,0x43F 
Osc1 Control1,51
Osc1 Control1,52,27,0x1B,0x0,0x1B,0x41100,0x37191B,0x43F 
Osc1 Control1,53
Osc1 Control1,54,28,0x1C,0x0,0x1C,0x41100,0x37191C,0x43F 
Osc1 Control1,55
Osc1 Control1,56,29,0x1D,0x0,0x1D,0x41100,0x37191D,0x43F 
Osc1 Control1,57
Osc1 Control1,58,30,0x1E,0x0,0x1E,0x41100,0x37191E,0x43F 
Osc1 Control1,59
Osc1 Control1,60,31,0x1F,0x0,0x1F,0x41100,0x37191F,0x43F 
Osc1 Control1,61
Osc1 Control1,62,32,0x20,0x0,0x20,0x41100,0x371920,0x43F 
Osc1 Control1,63
Osc1 Control1,64,33,0x21,0x0,0x21,0x41100,0x371921,0x43F 
Osc1 Control1,65,34,0x22,0x0,0x22,0x41100,0x371922,0x43F 
Osc1 Control1,66,35,0x23,0x0,0x23,0x41100,0x371923,0x43F 
Osc1 Control1,67,36,0x24,0x0,0x24,0x41100,0x371924,0x43F 
Osc1 Control1,68,37,0x25,0x0,0x25,0x41100,0x371925,0x43F 
Osc1 Control1,69,38,0x26,0x0,0x26,0x41100,0x371926,0x43F 
Osc1 Control1,70,39,0x27,0x0,0x27,0x41100,0x371927,0x43F 
Osc1 Control1,71,40,0x28,0x0,0x28,0x41100,0x371928,0x43F 
Osc1 Control1,72,41,0x29,0x0,0x29,0x41100,0x371929,0x43F 
Osc1 Control1,73,42,0x2A,0x0,0x2A,0x41100,0x37192A,0x43F 
Osc1 Control1,74,43,0x2B,0x0,0x2B,0x41100,0x37192B,0x43F 
Osc1 Control1,75,44,0x2C,0x0,0x2C,0x41100,0x37192C,0x43F 
Osc1 Control1,76,45,0x2D,0x0,0x2D,0x41100,0x37192D,0x43F 
Osc1 Control1,77,46,0x2E,0x0,0x2E,0x41100,0x37192E,0x43F 
Osc1 Control1,78,47,0x2F,0x0,0x2F,0x41100,0x37192F,0x43F 
Osc1 Control1,79,48,0x30,0x0,0x30,0x41100,0x371930,0x43F 
Osc1 Control1,80,49,0x31,0x0,0x31,0x41100,0x371931,0x43F 
Osc1 Control1,81,51,0x33,0x0,0x33,0x41100,0x371933,0x43F 
Osc1 Control1,82,53,0x35,0x0,0x35,0x41100,0x371935,0x43F 
Osc1 Control1,83,55,0x37,0x0,0x37,0x41100,0x371937,0x43F 
Osc1 Control1,84,57,0x39,0x0,0x39,0x41100,0x371939,0x43F 
Osc1 Control1,85,59,0x3B,0x0,0x3B,0x41100,0x37193B,0x43F 
Osc1 Control1,86,61,0x3D,0x0,0x3D,0x41100,0x37193D,0x43F 
Osc1 Control1,87,63,0x3F,0x0,0x3F,0x41100,0x37193F,0x43F 
Osc1 Control1,88,65,0x41,0x0,0x41,0x41100,0x371941,0x43F 
Osc1 Control1,89,67,0x43,0x0,0x43,0x41100,0x371943,0x43F 
Osc1 Control1,90,69,0x45,0x0,0x45,0x41100,0x371945,0x43F 
Osc1 Control1,91,71,0x47,0x0,0x47,0x41100,0x371947,0x43F 
Osc1 Control1,92,73,0x49,0x0,0x49,0x41100,0x371949,0x43F 
Osc1 Control1,93,75,0x4B,0x0,0x4B,0x41100,0x37194B,0x43F 
Osc1 Control1,94,77,0x4D,0x0,0x4D,0x41100,0x37194D,0x43F 
Osc1 Control1,95,79,0x4F,0x0,0x4F,0x41100,0x37194F,0x43F 
Osc1 Control1,96,81,0x51,0x0,0x51,0x41100,0x371951,0x43F 
Osc1 Control1,97,83,0x53,0x0,0x53,0x41100,0x371953,0x43F 
Osc1 Control1,98,85,0x55,0x0,0x55,0x41100,0x371955,0x43F 
Osc1 Control1,99,87,0x57,0x0,0x57,0x41100,0x371957,0x43F 
Osc1 Control1,100,89,0x59,0x0,0x59,0x41100,0x371959,0x43F 
Osc1 Control1,101,91,0x5B,0x0,0x5B,0x41100,0x37195B,0x43F 
Osc1 Control1,102,93,0x5D,0x0,0x5D,0x41100,0x37195D,0x43F 
Osc1 Control1,103,79,0x4F,0x0,0x4F,0x41100,0x37194F,0x43F 
Osc1 Control1,104,97,0x61,0x0,0x61,0x41100,0x371961,0x43F 
Osc1 Control1,105,99,0x63,0x0,0x63,0x41100,0x371963,0x43F 
Osc1 Control1,106,101,0x65,0x0,0x65,0x41100,0x371965,0x43F 
Osc1 Control1,107,103,0x67,0x0,0x67,0x41100,0x371967,0x43F 
Osc1 Control1,108,105,0x69,0x0,0x69,0x41100,0x371969,0x43F 
Osc1 Control1,109,107,0x6B,0x0,0x6B,0x41100,0x37196B,0x43F 
Osc1 Control1,110,109,0x6D,0x0,0x6D,0x41100,0x37196D,0x43F 
Osc1 Control1,111,111,0x6F,0x0,0x6F,0x41100,0x37196F,0x43F 
Osc1 Control1,112,113,0x71,0x0,0x71,0x41100,0x371971,0x43F 
Osc1 Control1,113,115,0x73,0x0,0x73,0x41100,0x371973,0x43F 
Osc1 Control1,114,117,0x75,0x0,0x75,0x41100,0x371975,0x43F 
Osc1 Control1,115,119,0x77,0x0,0x77,0x41100,0x371977,0x43F 
Osc1 Control1,116,121,0x79,0x0,0x79,0x41100,0x371979,0x43F 
Osc1 Control1,117,123,0x7B,0x0,0x7B,0x41100,0x37197B,0x43F 
Osc1 Control1,118,125,0x7D,0x0,0x7D,0x41100,0x37197D,0x43F 
Osc1 Control1,119,127,0x7F,0x0,0x7F,0x41100,0x37197F,0x43F 
Osc1 Control1,120,129,0x81,0x1,0x1,0x41101,0x371901,0x43F 
Osc1 Control1,121,137,0x89,0x1,0x9,0x41101,0x371909,0x43F 
Osc1 Control1,122,145,0x91,0x1,0x11,0x41101,0x371911,0x43F 
Osc1 Control1,123,153,0x99,0x1,0x19,0x41101,0x371919,0x43F 
Osc1 Control1,124,169,0xA9,0x1,0x29,0x41101,0x371929,0x43F 
Osc1 Control1,125,193,0xC1,0x1,0x41,0x41101,0x371941,0x43F 
Osc1 Control1,126,225,0xE1,0x1,0x61,0x41101,0x371961,0x43F 
Osc1 Control1,127,321,0x141,0x2,0x41,0x41102,0x371941,0x43F 
